CREATE DATABASE  IF NOT EXISTS `full-stack-ecommerce` /*!40100 DEFAULT CHARACTER SET latin1 */;
USE `full-stack-ecommerce`;
-- MySQL dump 10.13  Distrib 8.0.18, for Win64 (x86_64)
--
-- Host: 127.0.0.1    Database: full-stack-ecommerce
-- ------------------------------------------------------
-- Server version	5.6.45-log

/*!40101 SET @OLD_CHARACTER_SET_CLIENT=@@CHARACTER_SET_CLIENT */;
/*!40101 SET @OLD_CHARACTER_SET_RESULTS=@@CHARACTER_SET_RESULTS */;
/*!40101 SET @OLD_COLLATION_CONNECTION=@@COLLATION_CONNECTION */;
/*!50503 SET NAMES utf8 */;
/*!40103 SET @OLD_TIME_ZONE=@@TIME_ZONE */;
/*!40103 SET TIME_ZONE='+00:00' */;
/*!40014 SET @OLD_UNIQUE_CHECKS=@@UNIQUE_CHECKS, UNIQUE_CHECKS=0 */;
/*!40014 SET @OLD_FOREIGN_KEY_CHECKS=@@FOREIGN_KEY_CHECKS, FOREIGN_KEY_CHECKS=0 */;
/*!40101 SET @OLD_SQL_MODE=@@SQL_MODE, SQL_MODE='NO_AUTO_VALUE_ON_ZERO' */;
/*!40111 SET @OLD_SQL_NOTES=@@SQL_NOTES, SQL_NOTES=0 */;

--
-- Table structure for table `authority`
--

DROP TABLE IF EXISTS `authority`;
/*!40101 SET @saved_cs_client     = @@character_set_client */;
/*!50503 SET character_set_client = utf8mb4 */;
CREATE TABLE `authority` (
  `id` int(11) NOT NULL,
  `authority` varchar(45) NOT NULL,
  KEY `id_idx` (`id`),
  CONSTRAINT `id` FOREIGN KEY (`id`) REFERENCES `user` (`id`) ON DELETE CASCADE ON UPDATE CASCADE
) ENGINE=InnoDB DEFAULT CHARSET=latin1;
/*!40101 SET character_set_client = @saved_cs_client */;

--
-- Dumping data for table `authority`
--

LOCK TABLES `authority` WRITE;
/*!40000 ALTER TABLE `authority` DISABLE KEYS */;
INSERT INTO `authority` VALUES (1,'ROLE_CUSTOMER'),(2,'ROLE_CUSTOMER'),(3,'ROLE_CUSTOMER'),(3,'ROLE_ADMIN'),(17,'ROLE_CUSTOMER'),(28,'ROLE_CUSTOMER');
/*!40000 ALTER TABLE `authority` ENABLE KEYS */;
UNLOCK TABLES;

--
-- Table structure for table `product`
--

DROP TABLE IF EXISTS `product`;
/*!40101 SET @saved_cs_client     = @@character_set_client */;
/*!50503 SET character_set_client = utf8mb4 */;
CREATE TABLE `product` (
  `id` bigint(20) NOT NULL AUTO_INCREMENT,
  `sku` varchar(255) DEFAULT NULL,
  `name` varchar(255) DEFAULT NULL,
  `description` varchar(255) DEFAULT NULL,
  `unit_price` decimal(13,2) DEFAULT NULL,
  `image_url` varchar(255) DEFAULT NULL,
  `active` bit(1) DEFAULT b'1',
  `units_in_stock` int(11) DEFAULT NULL,
  `date_created` datetime(6) DEFAULT NULL,
  `last_updated` datetime(6) DEFAULT NULL,
  `category_id` bigint(20) NOT NULL,
  PRIMARY KEY (`id`),
  KEY `fk_category` (`category_id`),
  CONSTRAINT `fk_category` FOREIGN KEY (`category_id`) REFERENCES `product_category` (`id`)
) ENGINE=InnoDB AUTO_INCREMENT=101 DEFAULT CHARSET=latin1;
/*!40101 SET character_set_client = @saved_cs_client */;

--
-- Dumping data for table `product`
--

LOCK TABLES `product` WRITE;
/*!40000 ALTER TABLE `product` DISABLE KEYS */;
INSERT INTO `product` VALUES (1,'BOOK-TECH-1000','Crash Course in Python','Learn Python at your own pace. The author explains how the technology works in easy-to-understand language. This book includes working examples that you can apply to your own projects. Purchase the book and get started today!',14.99,'images/book-luv2code-1000.png',_binary '',100,'2020-01-13 19:57:38.000000',NULL,1),(2,'BOOK-TECH-1001','Become a Guru in JavaScript','Learn JavaScript at your own pace. The author explains how the technology works in easy-to-understand language. This book includes working examples that you can apply to your own projects. Purchase the book and get started today!',20.99,'images/book-luv2code-1001.png',_binary '',100,'2020-01-13 19:57:38.000000',NULL,1),(3,'BOOK-TECH-1002','Exploring Vue.js','Learn Vue.js at your own pace. The author explains how the technology works in easy-to-understand language. This book includes working examples that you can apply to your own projects. Purchase the book and get started today!',14.99,'images/book-luv2code-1002.png',_binary '',100,'2020-01-13 19:57:38.000000',NULL,1),(4,'BOOK-TECH-1003','Advanced Techniques in Big Data','Learn Big Data at your own pace. The author explains how the technology works in easy-to-understand language. This book includes working examples that you can apply to your own projects. Purchase the book and get started today!',13.99,'images/book-luv2code-1003.png',_binary '',100,'2020-01-13 19:57:38.000000',NULL,1),(5,'BOOK-TECH-1004','Crash Course in Big Data','Learn Big Data at your own pace. The author explains how the technology works in easy-to-understand language. This book includes working examples that you can apply to your own projects. Purchase the book and get started today!',18.99,'images/book-luv2code-1004.png',_binary '',100,'2020-01-13 19:57:38.000000',NULL,1),(6,'BOOK-TECH-1005','JavaScript Cookbook','Learn JavaScript at your own pace. The author explains how the technology works in easy-to-understand language. This book includes working examples that you can apply to your own projects. Purchase the book and get started today!',23.99,'images/book-luv2code-1005.png',_binary '',100,'2020-01-13 19:57:38.000000',NULL,1),(7,'BOOK-TECH-1006','Beginners Guide to SQL','Learn SQL at your own pace. The author explains how the technology works in easy-to-understand language. This book includes working examples that you can apply to your own projects. Purchase the book and get started today!',14.99,'images/book-luv2code-1006.png',_binary '',100,'2020-01-13 19:57:38.000000',NULL,1),(8,'BOOK-TECH-1007','Advanced Techniques in JavaScript','Learn JavaScript at your own pace. The author explains how the technology works in easy-to-understand language. This book includes working examples that you can apply to your own projects. Purchase the book and get started today!',16.99,'images/book-luv2code-1007.png',_binary '',100,'2020-01-13 19:57:38.000000',NULL,1),(9,'BOOK-TECH-1008','Introduction to Spring Boot','Learn Spring Boot at your own pace. The author explains how the technology works in easy-to-understand language. This book includes working examples that you can apply to your own projects. Purchase the book and get started today!',25.99,'images/book-luv2code-1008.png',_binary '',100,'2020-01-13 19:57:38.000000',NULL,1),(10,'BOOK-TECH-1009','Become a Guru in React.js','Learn React.js at your own pace. The author explains how the technology works in easy-to-understand language. This book includes working examples that you can apply to your own projects. Purchase the book and get started today!',23.99,'images/book-luv2code-1009.png',_binary '',100,'2020-01-13 19:57:38.000000',NULL,1),(11,'BOOK-TECH-1010','Beginners Guide to Data Science','Learn Data Science at your own pace. The author explains how the technology works in easy-to-understand language. This book includes working examples that you can apply to your own projects. Purchase the book and get started today!',24.99,'images/book-luv2code-1010.png',_binary '',100,'2020-01-13 19:57:38.000000',NULL,1),(12,'BOOK-TECH-1011','Advanced Techniques in Java','Learn Java at your own pace. The author explains how the technology works in easy-to-understand language. This book includes working examples that you can apply to your own projects. Purchase the book and get started today!',19.99,'images/book-luv2code-1011.png',_binary '',100,'2020-01-13 19:57:38.000000',NULL,1),(13,'BOOK-TECH-1012','Exploring DevOps','Learn DevOps at your own pace. The author explains how the technology works in easy-to-understand language. This book includes working examples that you can apply to your own projects. Purchase the book and get started today!',24.99,'images/book-luv2code-1012.png',_binary '',100,'2020-01-13 19:57:38.000000',NULL,1),(14,'BOOK-TECH-1013','The Expert Guide to SQL','Learn SQL at your own pace. The author explains how the technology works in easy-to-understand language. This book includes working examples that you can apply to your own projects. Purchase the book and get started today!',19.99,'images/book-luv2code-1013.png',_binary '',100,'2020-01-13 19:57:38.000000',NULL,1),(15,'BOOK-TECH-1014','Introduction to SQL','Learn SQL at your own pace. The author explains how the technology works in easy-to-understand language. This book includes working examples that you can apply to your own projects. Purchase the book and get started today!',22.99,'images/book-luv2code-1014.png',_binary '',100,'2020-01-13 19:57:38.000000',NULL,1),(16,'BOOK-TECH-1015','The Expert Guide to JavaScript','Learn JavaScript at your own pace. The author explains how the technology works in easy-to-understand language. This book includes working examples that you can apply to your own projects. Purchase the book and get started today!',22.99,'images/book-luv2code-1015.png',_binary '',100,'2020-01-13 19:57:38.000000',NULL,1),(17,'BOOK-TECH-1016','Exploring React.js','Learn React.js at your own pace. The author explains how the technology works in easy-to-understand language. This book includes working examples that you can apply to your own projects. Purchase the book and get started today!',27.99,'images/book-luv2code-1016.png',_binary '',100,'2020-01-13 19:57:38.000000',NULL,1),(18,'BOOK-TECH-1017','Advanced Techniques in React.js','Learn React.js at your own pace. The author explains how the technology works in easy-to-understand language. This book includes working examples that you can apply to your own projects. Purchase the book and get started today!',13.99,'images/book-luv2code-1017.png',_binary '',100,'2020-01-13 19:57:38.000000',NULL,1),(19,'BOOK-TECH-1018','Introduction to C#','Learn C# at your own pace. The author explains how the technology works in easy-to-understand language. This book includes working examples that you can apply to your own projects. Purchase the book and get started today!',26.99,'images/book-luv2code-1018.png',_binary '',100,'2020-01-13 19:57:38.000000',NULL,1),(20,'BOOK-TECH-1019','Crash Course in JavaScript','Learn JavaScript at your own pace. The author explains how the technology works in easy-to-understand language. This book includes working examples that you can apply to your own projects. Purchase the book and get started today!',13.99,'images/book-luv2code-1019.png',_binary '',100,'2020-01-13 19:57:38.000000',NULL,1),(21,'BOOK-TECH-1020','Introduction to Machine Learning','Learn Machine Learning at your own pace. The author explains how the technology works in easy-to-understand language. This book includes working examples that you can apply to your own projects. Purchase the book and get started today!',19.99,'images/book-luv2code-1020.png',_binary '',100,'2020-01-13 19:57:38.000000',NULL,1),(22,'BOOK-TECH-1021','Become a Guru in Java','Learn Java at your own pace. The author explains how the technology works in easy-to-understand language. This book includes working examples that you can apply to your own projects. Purchase the book and get started today!',18.99,'images/book-luv2code-1021.png',_binary '',100,'2020-01-13 19:57:38.000000',NULL,1),(23,'BOOK-TECH-1022','Introduction to Python','Learn Python at your own pace. The author explains how the technology works in easy-to-understand language. This book includes working examples that you can apply to your own projects. Purchase the book and get started today!',26.99,'images/book-luv2code-1022.png',_binary '',100,'2020-01-13 19:57:38.000000',NULL,1),(24,'BOOK-TECH-1023','Advanced Techniques in C#','Learn C# at your own pace. The author explains how the technology works in easy-to-understand language. This book includes working examples that you can apply to your own projects. Purchase the book and get started today!',22.99,'images/book-luv2code-1023.png',_binary '',100,'2020-01-13 19:57:38.000000',NULL,1),(25,'BOOK-TECH-1024','The Expert Guide to Machine Learning','Learn Machine Learning at your own pace. The author explains how the technology works in easy-to-understand language. This book includes working examples that you can apply to your own projects. Purchase the book and get started today!',16.99,'images/book-luv2code-1024.png',_binary '',100,'2020-01-13 19:57:38.000000',NULL,1),(26,'COFFEEMUG-1000','Coffee Mug - Express','Do you love mathematics? If so, then you need this elegant coffee mug with an amazing fractal design. You don\'t have to worry about boring coffee mugs anymore. This coffee mug will be the topic of conversation in the office, guaranteed! Buy it now!',18.99,'images/coffeemug-luv2code-1000.png',_binary '',100,'2020-01-13 19:57:38.000000',NULL,2),(27,'COFFEEMUG-1001','Coffee Mug - Cherokee','Do you love mathematics? If so, then you need this elegant coffee mug with an amazing fractal design. You don\'t have to worry about boring coffee mugs anymore. This coffee mug will be the topic of conversation in the office, guaranteed! Buy it now!',18.99,'images/coffeemug-luv2code-1001.png',_binary '',100,'2020-01-13 19:57:38.000000',NULL,2),(28,'COFFEEMUG-1002','Coffee Mug - Sweeper','Do you love mathematics? If so, then you need this elegant coffee mug with an amazing fractal design. You don\'t have to worry about boring coffee mugs anymore. This coffee mug will be the topic of conversation in the office, guaranteed! Buy it now!',18.99,'images/coffeemug-luv2code-1002.png',_binary '',100,'2020-01-13 19:57:38.000000',NULL,2),(29,'COFFEEMUG-1003','Coffee Mug - Aspire','Do you love mathematics? If so, then you need this elegant coffee mug with an amazing fractal design. You don\'t have to worry about boring coffee mugs anymore. This coffee mug will be the topic of conversation in the office, guaranteed! Buy it now!',18.99,'images/coffeemug-luv2code-1003.png',_binary '',100,'2020-01-13 19:57:38.000000',NULL,2),(30,'COFFEEMUG-1004','Coffee Mug - Dorian','Do you love mathematics? If so, then you need this elegant coffee mug with an amazing fractal design. You don\'t have to worry about boring coffee mugs anymore. This coffee mug will be the topic of conversation in the office, guaranteed! Buy it now!',18.99,'images/coffeemug-luv2code-1004.png',_binary '',100,'2020-01-13 19:57:39.000000',NULL,2),(31,'COFFEEMUG-1005','Coffee Mug - Columbia','Do you love mathematics? If so, then you need this elegant coffee mug with an amazing fractal design. You don\'t have to worry about boring coffee mugs anymore. This coffee mug will be the topic of conversation in the office, guaranteed! Buy it now!',18.99,'images/coffeemug-luv2code-1005.png',_binary '',100,'2020-01-13 19:57:39.000000',NULL,2),(32,'COFFEEMUG-1006','Coffee Mug - Worthing','Do you love mathematics? If so, then you need this elegant coffee mug with an amazing fractal design. You don\'t have to worry about boring coffee mugs anymore. This coffee mug will be the topic of conversation in the office, guaranteed! Buy it now!',18.99,'images/coffeemug-luv2code-1006.png',_binary '',100,'2020-01-13 19:57:39.000000',NULL,2),(33,'COFFEEMUG-1007','Coffee Mug - Oak Cliff','Do you love mathematics? If so, then you need this elegant coffee mug with an amazing fractal design. You don\'t have to worry about boring coffee mugs anymore. This coffee mug will be the topic of conversation in the office, guaranteed! Buy it now!',18.99,'images/coffeemug-luv2code-1007.png',_binary '',100,'2020-01-13 19:57:39.000000',NULL,2),(34,'COFFEEMUG-1008','Coffee Mug - Tachyon','Do you love mathematics? If so, then you need this elegant coffee mug with an amazing fractal design. You don\'t have to worry about boring coffee mugs anymore. This coffee mug will be the topic of conversation in the office, guaranteed! Buy it now!',18.99,'images/coffeemug-luv2code-1008.png',_binary '',100,'2020-01-13 19:57:39.000000',NULL,2),(35,'COFFEEMUG-1009','Coffee Mug - Pan','Do you love mathematics? If so, then you need this elegant coffee mug with an amazing fractal design. You don\'t have to worry about boring coffee mugs anymore. This coffee mug will be the topic of conversation in the office, guaranteed! Buy it now!',18.99,'images/coffeemug-luv2code-1009.png',_binary '',100,'2020-01-13 19:57:39.000000',NULL,2),(36,'COFFEEMUG-1010','Coffee Mug - Phase','Do you love mathematics? If so, then you need this elegant coffee mug with an amazing fractal design. You don\'t have to worry about boring coffee mugs anymore. This coffee mug will be the topic of conversation in the office, guaranteed! Buy it now!',18.99,'images/coffeemug-luv2code-1010.png',_binary '',100,'2020-01-13 19:57:39.000000',NULL,2),(37,'COFFEEMUG-1011','Coffee Mug - Falling','Do you love mathematics? If so, then you need this elegant coffee mug with an amazing fractal design. You don\'t have to worry about boring coffee mugs anymore. This coffee mug will be the topic of conversation in the office, guaranteed! Buy it now!',18.99,'images/coffeemug-luv2code-1011.png',_binary '',100,'2020-01-13 19:57:39.000000',NULL,2),(38,'COFFEEMUG-1012','Coffee Mug - Wispy','Do you love mathematics? If so, then you need this elegant coffee mug with an amazing fractal design. You don\'t have to worry about boring coffee mugs anymore. This coffee mug will be the topic of conversation in the office, guaranteed! Buy it now!',18.99,'images/coffeemug-luv2code-1012.png',_binary '',100,'2020-01-13 19:57:39.000000',NULL,2),(39,'COFFEEMUG-1013','Coffee Mug - Arlington','Do you love mathematics? If so, then you need this elegant coffee mug with an amazing fractal design. You don\'t have to worry about boring coffee mugs anymore. This coffee mug will be the topic of conversation in the office, guaranteed! Buy it now!',18.99,'images/coffeemug-luv2code-1013.png',_binary '',100,'2020-01-13 19:57:39.000000',NULL,2),(40,'COFFEEMUG-1014','Coffee Mug - Gazing','Do you love mathematics? If so, then you need this elegant coffee mug with an amazing fractal design. You don\'t have to worry about boring coffee mugs anymore. This coffee mug will be the topic of conversation in the office, guaranteed! Buy it now!',18.99,'images/coffeemug-luv2code-1014.png',_binary '',100,'2020-01-13 19:57:39.000000',NULL,2),(41,'COFFEEMUG-1015','Coffee Mug - Azura','Do you love mathematics? If so, then you need this elegant coffee mug with an amazing fractal design. You don\'t have to worry about boring coffee mugs anymore. This coffee mug will be the topic of conversation in the office, guaranteed! Buy it now!',18.99,'images/coffeemug-luv2code-1015.png',_binary '',100,'2020-01-13 19:57:39.000000',NULL,2),(42,'COFFEEMUG-1016','Coffee Mug - Quantum Leap','Do you love mathematics? If so, then you need this elegant coffee mug with an amazing fractal design. You don\'t have to worry about boring coffee mugs anymore. This coffee mug will be the topic of conversation in the office, guaranteed! Buy it now!',18.99,'images/coffeemug-luv2code-1016.png',_binary '',100,'2020-01-13 19:57:39.000000',NULL,2),(43,'COFFEEMUG-1017','Coffee Mug - Light Years','Do you love mathematics? If so, then you need this elegant coffee mug with an amazing fractal design. You don\'t have to worry about boring coffee mugs anymore. This coffee mug will be the topic of conversation in the office, guaranteed! Buy it now!',18.99,'images/coffeemug-luv2code-1017.png',_binary '',100,'2020-01-13 19:57:39.000000',NULL,2),(44,'COFFEEMUG-1018','Coffee Mug - Taylor','Do you love mathematics? If so, then you need this elegant coffee mug with an amazing fractal design. You don\'t have to worry about boring coffee mugs anymore. This coffee mug will be the topic of conversation in the office, guaranteed! Buy it now!',18.99,'images/coffeemug-luv2code-1018.png',_binary '',100,'2020-01-13 19:57:39.000000',NULL,2),(45,'COFFEEMUG-1019','Coffee Mug - Gracia','Do you love mathematics? If so, then you need this elegant coffee mug with an amazing fractal design. You don\'t have to worry about boring coffee mugs anymore. This coffee mug will be the topic of conversation in the office, guaranteed! Buy it now!',18.99,'images/coffeemug-luv2code-1019.png',_binary '',100,'2020-01-13 19:57:39.000000',NULL,2),(46,'COFFEEMUG-1020','Coffee Mug - Relax','Do you love mathematics? If so, then you need this elegant coffee mug with an amazing fractal design. You don\'t have to worry about boring coffee mugs anymore. This coffee mug will be the topic of conversation in the office, guaranteed! Buy it now!',18.99,'images/coffeemug-luv2code-1020.png',_binary '',100,'2020-01-13 19:57:39.000000',NULL,2),(47,'COFFEEMUG-1021','Coffee Mug - Windermere','Do you love mathematics? If so, then you need this elegant coffee mug with an amazing fractal design. You don\'t have to worry about boring coffee mugs anymore. This coffee mug will be the topic of conversation in the office, guaranteed! Buy it now!',18.99,'images/coffeemug-luv2code-1021.png',_binary '',100,'2020-01-13 19:57:39.000000',NULL,2),(48,'COFFEEMUG-1022','Coffee Mug - Prancer','Do you love mathematics? If so, then you need this elegant coffee mug with an amazing fractal design. You don\'t have to worry about boring coffee mugs anymore. This coffee mug will be the topic of conversation in the office, guaranteed! Buy it now!',18.99,'images/coffeemug-luv2code-1022.png',_binary '',100,'2020-01-13 19:57:39.000000',NULL,2),(49,'COFFEEMUG-1023','Coffee Mug - Recursion','Do you love mathematics? If so, then you need this elegant coffee mug with an amazing fractal design. You don\'t have to worry about boring coffee mugs anymore. This coffee mug will be the topic of conversation in the office, guaranteed! Buy it now!',18.99,'images/coffeemug-luv2code-1023.png',_binary '',100,'2020-01-13 19:57:39.000000',NULL,2),(50,'COFFEEMUG-1024','Coffee Mug - Treasure','Do you love mathematics? If so, then you need this elegant coffee mug with an amazing fractal design. You don\'t have to worry about boring coffee mugs anymore. This coffee mug will be the topic of conversation in the office, guaranteed! Buy it now!',18.99,'images/coffeemug-luv2code-1024.png',_binary '',100,'2020-01-13 19:57:39.000000',NULL,2),(51,'MOUSEPAD-1000','Mouse Pad - Express','Fractal images are amazing! You can now own a mouse pad with a unique and amazing fractal. The mouse pad is made of a durable and smooth material. Your mouse will easily glide across the mouse pad. This mouse pad will brighten your workspace. Buy it now!',17.99,'images/mousepad-luv2code-1000.png',_binary '',100,'2020-01-13 19:57:39.000000',NULL,3),(52,'MOUSEPAD-1001','Mouse Pad - Cherokee','Fractal images are amazing! You can now own a mouse pad with a unique and amazing fractal. The mouse pad is made of a durable and smooth material. Your mouse will easily glide across the mouse pad. This mouse pad will brighten your workspace. Buy it now!',17.99,'images/mousepad-luv2code-1001.png',_binary '',100,'2020-01-13 19:57:39.000000',NULL,3),(53,'MOUSEPAD-1002','Mouse Pad - Sweeper','Fractal images are amazing! You can now own a mouse pad with a unique and amazing fractal. The mouse pad is made of a durable and smooth material. Your mouse will easily glide across the mouse pad. This mouse pad will brighten your workspace. Buy it now!',17.99,'images/mousepad-luv2code-1002.png',_binary '',100,'2020-01-13 19:57:39.000000',NULL,3),(54,'MOUSEPAD-1003','Mouse Pad - Aspire','Fractal images are amazing! You can now own a mouse pad with a unique and amazing fractal. The mouse pad is made of a durable and smooth material. Your mouse will easily glide across the mouse pad. This mouse pad will brighten your workspace. Buy it now!',17.99,'images/mousepad-luv2code-1003.png',_binary '',100,'2020-01-13 19:57:39.000000',NULL,3),(55,'MOUSEPAD-1004','Mouse Pad - Dorian','Fractal images are amazing! You can now own a mouse pad with a unique and amazing fractal. The mouse pad is made of a durable and smooth material. Your mouse will easily glide across the mouse pad. This mouse pad will brighten your workspace. Buy it now!',17.99,'images/mousepad-luv2code-1004.png',_binary '',100,'2020-01-13 19:57:39.000000',NULL,3),(56,'MOUSEPAD-1005','Mouse Pad - Columbia','Fractal images are amazing! You can now own a mouse pad with a unique and amazing fractal. The mouse pad is made of a durable and smooth material. Your mouse will easily glide across the mouse pad. This mouse pad will brighten your workspace. Buy it now!',17.99,'images/mousepad-luv2code-1005.png',_binary '',100,'2020-01-13 19:57:39.000000',NULL,3),(57,'MOUSEPAD-1006','Mouse Pad - Worthing','Fractal images are amazing! You can now own a mouse pad with a unique and amazing fractal. The mouse pad is made of a durable and smooth material. Your mouse will easily glide across the mouse pad. This mouse pad will brighten your workspace. Buy it now!',17.99,'images/mousepad-luv2code-1006.png',_binary '',100,'2020-01-13 19:57:39.000000',NULL,3),(58,'MOUSEPAD-1007','Mouse Pad - Oak Cliff','Fractal images are amazing! You can now own a mouse pad with a unique and amazing fractal. The mouse pad is made of a durable and smooth material. Your mouse will easily glide across the mouse pad. This mouse pad will brighten your workspace. Buy it now!',17.99,'images/mousepad-luv2code-1007.png',_binary '',100,'2020-01-13 19:57:39.000000',NULL,3),(59,'MOUSEPAD-1008','Mouse Pad - Tachyon','Fractal images are amazing! You can now own a mouse pad with a unique and amazing fractal. The mouse pad is made of a durable and smooth material. Your mouse will easily glide across the mouse pad. This mouse pad will brighten your workspace. Buy it now!',17.99,'images/mousepad-luv2code-1008.png',_binary '',100,'2020-01-13 19:57:39.000000',NULL,3),(60,'MOUSEPAD-1009','Mouse Pad - Pan','Fractal images are amazing! You can now own a mouse pad with a unique and amazing fractal. The mouse pad is made of a durable and smooth material. Your mouse will easily glide across the mouse pad. This mouse pad will brighten your workspace. Buy it now!',17.99,'images/mousepad-luv2code-1009.png',_binary '',100,'2020-01-13 19:57:39.000000',NULL,3),(61,'MOUSEPAD-1010','Mouse Pad - Phase','Fractal images are amazing! You can now own a mouse pad with a unique and amazing fractal. The mouse pad is made of a durable and smooth material. Your mouse will easily glide across the mouse pad. This mouse pad will brighten your workspace. Buy it now!',17.99,'images/mousepad-luv2code-1010.png',_binary '',100,'2020-01-13 19:57:39.000000',NULL,3),(62,'MOUSEPAD-1011','Mouse Pad - Falling','Fractal images are amazing! You can now own a mouse pad with a unique and amazing fractal. The mouse pad is made of a durable and smooth material. Your mouse will easily glide across the mouse pad. This mouse pad will brighten your workspace. Buy it now!',17.99,'images/mousepad-luv2code-1011.png',_binary '',100,'2020-01-13 19:57:39.000000',NULL,3),(63,'MOUSEPAD-1012','Mouse Pad - Wispy','Fractal images are amazing! You can now own a mouse pad with a unique and amazing fractal. The mouse pad is made of a durable and smooth material. Your mouse will easily glide across the mouse pad. This mouse pad will brighten your workspace. Buy it now!',17.99,'images/mousepad-luv2code-1012.png',_binary '',100,'2020-01-13 19:57:39.000000',NULL,3),(64,'MOUSEPAD-1013','Mouse Pad - Arlington','Fractal images are amazing! You can now own a mouse pad with a unique and amazing fractal. The mouse pad is made of a durable and smooth material. Your mouse will easily glide across the mouse pad. This mouse pad will brighten your workspace. Buy it now!',17.99,'images/mousepad-luv2code-1013.png',_binary '',100,'2020-01-13 19:57:39.000000',NULL,3),(65,'MOUSEPAD-1014','Mouse Pad - Gazing','Fractal images are amazing! You can now own a mouse pad with a unique and amazing fractal. The mouse pad is made of a durable and smooth material. Your mouse will easily glide across the mouse pad. This mouse pad will brighten your workspace. Buy it now!',17.99,'images/mousepad-luv2code-1014.png',_binary '',100,'2020-01-13 19:57:39.000000',NULL,3),(66,'MOUSEPAD-1015','Mouse Pad - Azura','Fractal images are amazing! You can now own a mouse pad with a unique and amazing fractal. The mouse pad is made of a durable and smooth material. Your mouse will easily glide across the mouse pad. This mouse pad will brighten your workspace. Buy it now!',17.99,'images/mousepad-luv2code-1015.png',_binary '',100,'2020-01-13 19:57:39.000000',NULL,3),(67,'MOUSEPAD-1016','Mouse Pad - Quantum Leap','Fractal images are amazing! You can now own a mouse pad with a unique and amazing fractal. The mouse pad is made of a durable and smooth material. Your mouse will easily glide across the mouse pad. This mouse pad will brighten your workspace. Buy it now!',17.99,'images/mousepad-luv2code-1016.png',_binary '',100,'2020-01-13 19:57:39.000000',NULL,3),(68,'MOUSEPAD-1017','Mouse Pad - Light Years','Fractal images are amazing! You can now own a mouse pad with a unique and amazing fractal. The mouse pad is made of a durable and smooth material. Your mouse will easily glide across the mouse pad. This mouse pad will brighten your workspace. Buy it now!',17.99,'images/mousepad-luv2code-1017.png',_binary '',100,'2020-01-13 19:57:39.000000',NULL,3),(69,'MOUSEPAD-1018','Mouse Pad - Taylor','Fractal images are amazing! You can now own a mouse pad with a unique and amazing fractal. The mouse pad is made of a durable and smooth material. Your mouse will easily glide across the mouse pad. This mouse pad will brighten your workspace. Buy it now!',17.99,'images/mousepad-luv2code-1018.png',_binary '',100,'2020-01-13 19:57:39.000000',NULL,3),(70,'MOUSEPAD-1019','Mouse Pad - Gracia','Fractal images are amazing! You can now own a mouse pad with a unique and amazing fractal. The mouse pad is made of a durable and smooth material. Your mouse will easily glide across the mouse pad. This mouse pad will brighten your workspace. Buy it now!',17.99,'images/mousepad-luv2code-1019.png',_binary '',100,'2020-01-13 19:57:39.000000',NULL,3),(71,'MOUSEPAD-1020','Mouse Pad - Relax','Fractal images are amazing! You can now own a mouse pad with a unique and amazing fractal. The mouse pad is made of a durable and smooth material. Your mouse will easily glide across the mouse pad. This mouse pad will brighten your workspace. Buy it now!',17.99,'images/mousepad-luv2code-1020.png',_binary '',100,'2020-01-13 19:57:39.000000',NULL,3),(72,'MOUSEPAD-1021','Mouse Pad - Windermere','Fractal images are amazing! You can now own a mouse pad with a unique and amazing fractal. The mouse pad is made of a durable and smooth material. Your mouse will easily glide across the mouse pad. This mouse pad will brighten your workspace. Buy it now!',17.99,'images/mousepad-luv2code-1021.png',_binary '',100,'2020-01-13 19:57:39.000000',NULL,3),(73,'MOUSEPAD-1022','Mouse Pad - Prancer','Fractal images are amazing! You can now own a mouse pad with a unique and amazing fractal. The mouse pad is made of a durable and smooth material. Your mouse will easily glide across the mouse pad. This mouse pad will brighten your workspace. Buy it now!',17.99,'images/mousepad-luv2code-1022.png',_binary '',100,'2020-01-13 19:57:39.000000',NULL,3),(74,'MOUSEPAD-1023','Mouse Pad - Recursion','Fractal images are amazing! You can now own a mouse pad with a unique and amazing fractal. The mouse pad is made of a durable and smooth material. Your mouse will easily glide across the mouse pad. This mouse pad will brighten your workspace. Buy it now!',17.99,'images/mousepad-luv2code-1023.png',_binary '',100,'2020-01-13 19:57:39.000000',NULL,3),(75,'MOUSEPAD-1024','Mouse Pad - Treasure','Fractal images are amazing! You can now own a mouse pad with a unique and amazing fractal. The mouse pad is made of a durable and smooth material. Your mouse will easily glide across the mouse pad. This mouse pad will brighten your workspace. Buy it now!',17.99,'images/mousepad-luv2code-1024.png',_binary '',100,'2020-01-13 19:57:39.000000',NULL,3),(76,'LUGGAGETAG-1000','Luggage Tag - Cherish','This luggage tag will help you identify your luggage. The luggage tag is very unique and it will stand out from the crowd. The luggage tag is created out of a rugged and durable plastic. Buy this luggage tag now to make it easy to identify your luggage!',16.99,'images/luggagetag-luv2code-1000.png',_binary '',100,'2020-01-13 19:57:39.000000',NULL,4),(77,'LUGGAGETAG-1001','Luggage Tag - Adventure','This luggage tag will help you identify your luggage. The luggage tag is very unique and it will stand out from the crowd. The luggage tag is created out of a rugged and durable plastic. Buy this luggage tag now to make it easy to identify your luggage!',16.99,'images/luggagetag-luv2code-1001.png',_binary '',100,'2020-01-13 19:57:39.000000',NULL,4),(78,'LUGGAGETAG-1002','Luggage Tag - Skyline','This luggage tag will help you identify your luggage. The luggage tag is very unique and it will stand out from the crowd. The luggage tag is created out of a rugged and durable plastic. Buy this luggage tag now to make it easy to identify your luggage!',16.99,'images/luggagetag-luv2code-1002.png',_binary '',100,'2020-01-13 19:57:39.000000',NULL,4),(79,'LUGGAGETAG-1003','Luggage Tag - River','This luggage tag will help you identify your luggage. The luggage tag is very unique and it will stand out from the crowd. The luggage tag is created out of a rugged and durable plastic. Buy this luggage tag now to make it easy to identify your luggage!',16.99,'images/luggagetag-luv2code-1003.png',_binary '',100,'2020-01-13 19:57:39.000000',NULL,4),(80,'LUGGAGETAG-1004','Luggage Tag - Trail Steps','This luggage tag will help you identify your luggage. The luggage tag is very unique and it will stand out from the crowd. The luggage tag is created out of a rugged and durable plastic. Buy this luggage tag now to make it easy to identify your luggage!',16.99,'images/luggagetag-luv2code-1004.png',_binary '',100,'2020-01-13 19:57:39.000000',NULL,4),(81,'LUGGAGETAG-1005','Luggage Tag - Blooming','This luggage tag will help you identify your luggage. The luggage tag is very unique and it will stand out from the crowd. The luggage tag is created out of a rugged and durable plastic. Buy this luggage tag now to make it easy to identify your luggage!',16.99,'images/luggagetag-luv2code-1005.png',_binary '',100,'2020-01-13 19:57:39.000000',NULL,4),(82,'LUGGAGETAG-1006','Luggage Tag - Park','This luggage tag will help you identify your luggage. The luggage tag is very unique and it will stand out from the crowd. The luggage tag is created out of a rugged and durable plastic. Buy this luggage tag now to make it easy to identify your luggage!',16.99,'images/luggagetag-luv2code-1006.png',_binary '',100,'2020-01-13 19:57:39.000000',NULL,4),(83,'LUGGAGETAG-1007','Luggage Tag - Beauty','This luggage tag will help you identify your luggage. The luggage tag is very unique and it will stand out from the crowd. The luggage tag is created out of a rugged and durable plastic. Buy this luggage tag now to make it easy to identify your luggage!',16.99,'images/luggagetag-luv2code-1007.png',_binary '',100,'2020-01-13 19:57:39.000000',NULL,4),(84,'LUGGAGETAG-1008','Luggage Tag - Water Fall','This luggage tag will help you identify your luggage. The luggage tag is very unique and it will stand out from the crowd. The luggage tag is created out of a rugged and durable plastic. Buy this luggage tag now to make it easy to identify your luggage!',16.99,'images/luggagetag-luv2code-1008.png',_binary '',100,'2020-01-13 19:57:39.000000',NULL,4),(85,'LUGGAGETAG-1009','Luggage Tag - Trail','This luggage tag will help you identify your luggage. The luggage tag is very unique and it will stand out from the crowd. The luggage tag is created out of a rugged and durable plastic. Buy this luggage tag now to make it easy to identify your luggage!',16.99,'images/luggagetag-luv2code-1009.png',_binary '',100,'2020-01-13 19:57:39.000000',NULL,4),(86,'LUGGAGETAG-1010','Luggage Tag - Skyscraper','This luggage tag will help you identify your luggage. The luggage tag is very unique and it will stand out from the crowd. The luggage tag is created out of a rugged and durable plastic. Buy this luggage tag now to make it easy to identify your luggage!',16.99,'images/luggagetag-luv2code-1010.png',_binary '',100,'2020-01-13 19:57:39.000000',NULL,4),(87,'LUGGAGETAG-1011','Luggage Tag - Leaf','This luggage tag will help you identify your luggage. The luggage tag is very unique and it will stand out from the crowd. The luggage tag is created out of a rugged and durable plastic. Buy this luggage tag now to make it easy to identify your luggage!',16.99,'images/luggagetag-luv2code-1011.png',_binary '',100,'2020-01-13 19:57:39.000000',NULL,4),(88,'LUGGAGETAG-1012','Luggage Tag - Jungle','This luggage tag will help you identify your luggage. The luggage tag is very unique and it will stand out from the crowd. The luggage tag is created out of a rugged and durable plastic. Buy this luggage tag now to make it easy to identify your luggage!',16.99,'images/luggagetag-luv2code-1012.png',_binary '',100,'2020-01-13 19:57:39.000000',NULL,4),(89,'LUGGAGETAG-1013','Luggage Tag - Shoreline','This luggage tag will help you identify your luggage. The luggage tag is very unique and it will stand out from the crowd. The luggage tag is created out of a rugged and durable plastic. Buy this luggage tag now to make it easy to identify your luggage!',16.99,'images/luggagetag-luv2code-1013.png',_binary '',100,'2020-01-13 19:57:39.000000',NULL,4),(90,'LUGGAGETAG-1014','Luggage Tag - Blossom','This luggage tag will help you identify your luggage. The luggage tag is very unique and it will stand out from the crowd. The luggage tag is created out of a rugged and durable plastic. Buy this luggage tag now to make it easy to identify your luggage!',16.99,'images/luggagetag-luv2code-1014.png',_binary '',100,'2020-01-13 19:57:39.000000',NULL,4),(91,'LUGGAGETAG-1015','Luggage Tag - Lock','This luggage tag will help you identify your luggage. The luggage tag is very unique and it will stand out from the crowd. The luggage tag is created out of a rugged and durable plastic. Buy this luggage tag now to make it easy to identify your luggage!',16.99,'images/luggagetag-luv2code-1015.png',_binary '',100,'2020-01-13 19:57:39.000000',NULL,4),(92,'LUGGAGETAG-1016','Luggage Tag - Cafe','This luggage tag will help you identify your luggage. The luggage tag is very unique and it will stand out from the crowd. The luggage tag is created out of a rugged and durable plastic. Buy this luggage tag now to make it easy to identify your luggage!',16.99,'images/luggagetag-luv2code-1016.png',_binary '',100,'2020-01-13 19:57:39.000000',NULL,4),(93,'LUGGAGETAG-1017','Luggage Tag - Darling','This luggage tag will help you identify your luggage. The luggage tag is very unique and it will stand out from the crowd. The luggage tag is created out of a rugged and durable plastic. Buy this luggage tag now to make it easy to identify your luggage!',16.99,'images/luggagetag-luv2code-1017.png',_binary '',100,'2020-01-13 19:57:39.000000',NULL,4),(94,'LUGGAGETAG-1018','Luggage Tag - Full Stack','This luggage tag will help you identify your luggage. The luggage tag is very unique and it will stand out from the crowd. The luggage tag is created out of a rugged and durable plastic. Buy this luggage tag now to make it easy to identify your luggage!',16.99,'images/luggagetag-luv2code-1018.png',_binary '',100,'2020-01-13 19:57:39.000000',NULL,4),(95,'LUGGAGETAG-1019','Luggage Tag - Courtyard','This luggage tag will help you identify your luggage. The luggage tag is very unique and it will stand out from the crowd. The luggage tag is created out of a rugged and durable plastic. Buy this luggage tag now to make it easy to identify your luggage!',16.99,'images/luggagetag-luv2code-1019.png',_binary '',100,'2020-01-13 19:57:39.000000',NULL,4),(96,'LUGGAGETAG-1020','Luggage Tag - Coaster','This luggage tag will help you identify your luggage. The luggage tag is very unique and it will stand out from the crowd. The luggage tag is created out of a rugged and durable plastic. Buy this luggage tag now to make it easy to identify your luggage!',16.99,'images/luggagetag-luv2code-1020.png',_binary '',100,'2020-01-13 19:57:39.000000',NULL,4),(97,'LUGGAGETAG-1021','Luggage Tag - Bridge','This luggage tag will help you identify your luggage. The luggage tag is very unique and it will stand out from the crowd. The luggage tag is created out of a rugged and durable plastic. Buy this luggage tag now to make it easy to identify your luggage!',16.99,'images/luggagetag-luv2code-1021.png',_binary '',100,'2020-01-13 19:57:39.000000',NULL,4),(98,'LUGGAGETAG-1022','Luggage Tag - Sunset','This luggage tag will help you identify your luggage. The luggage tag is very unique and it will stand out from the crowd. The luggage tag is created out of a rugged and durable plastic. Buy this luggage tag now to make it easy to identify your luggage!',16.99,'images/luggagetag-luv2code-1022.png',_binary '',100,'2020-01-13 19:57:39.000000',NULL,4),(99,'LUGGAGETAG-1023','Luggage Tag - Flames','This luggage tag will help you identify your luggage. The luggage tag is very unique and it will stand out from the crowd. The luggage tag is created out of a rugged and durable plastic. Buy this luggage tag now to make it easy to identify your luggage!',16.99,'images/luggagetag-luv2code-1023.png',_binary '',100,'2020-01-13 19:57:39.000000',NULL,4),(100,'LUGGAGETAG-1024','Luggage Tag - Countryside','This luggage tag will help you identify your luggage. The luggage tag is very unique and it will stand out from the crowd. The luggage tag is created out of a rugged and durable plastic. Buy this luggage tag now to make it easy to identify your luggage!',16.99,'images/luggagetag-luv2code-1024.png',_binary '',100,'2020-01-13 19:57:39.000000',NULL,4);
/*!40000 ALTER TABLE `product` ENABLE KEYS */;
UNLOCK TABLES;

--
-- Table structure for table `product_category`
--

DROP TABLE IF EXISTS `product_category`;
/*!40101 SET @saved_cs_client     = @@character_set_client */;
/*!50503 SET character_set_client = utf8mb4 */;
CREATE TABLE `product_category` (
  `id` bigint(20) NOT NULL AUTO_INCREMENT,
  `category_name` varchar(255) DEFAULT NULL,
  PRIMARY KEY (`id`)
) ENGINE=InnoDB AUTO_INCREMENT=5 DEFAULT CHARSET=latin1;
/*!40101 SET character_set_client = @saved_cs_client */;

--
-- Dumping data for table `product_category`
--

LOCK TABLES `product_category` WRITE;
/*!40000 ALTER TABLE `product_category` DISABLE KEYS */;
INSERT INTO `product_category` VALUES (1,'Books'),(2,'Coffee Mugs'),(3,'Mouse Pads'),(4,'Luggage Tags');
/*!40000 ALTER TABLE `product_category` ENABLE KEYS */;
UNLOCK TABLES;

--
-- Table structure for table `user`
--

DROP TABLE IF EXISTS `user`;
/*!40101 SET @saved_cs_client     = @@character_set_client */;
/*!50503 SET character_set_client = utf8mb4 */;
CREATE TABLE `user` (
  `id` int(11) NOT NULL AUTO_INCREMENT,
  `username` varchar(45) NOT NULL,
  `email` varchar(68) NOT NULL,
  `password` varchar(68) NOT NULL,
  `enabled` varchar(45) NOT NULL,
  PRIMARY KEY (`id`),
  UNIQUE KEY `username_UNIQUE` (`username`),
  UNIQUE KEY `email_UNIQUE` (`email`)
) ENGINE=InnoDB AUTO_INCREMENT=29 DEFAULT CHARSET=latin1 COMMENT='		';
/*!40101 SET character_set_client = @saved_cs_client */;

--
-- Dumping data for table `user`
--

LOCK TABLES `user` WRITE;
/*!40000 ALTER TABLE `user` DISABLE KEYS */;
INSERT INTO `user` VALUES (1,'mary','mary@g.com','{bcrypt}$2a$04$eFytJDGtjbThXa80FyOOBuFdK2IwjyWefYkMpiBEFlpBwDH.5PM0K','1'),(2,'john','john@g.com','{bcrypt}$2a$04$eFytJDGtjbThXa80FyOOBuFdK2IwjyWefYkMpiBEFlpBwDH.5PM0K','1'),(3,'susan','susan@g.com','{bcrypt}$2a$04$eFytJDGtjbThXa80FyOOBuFdK2IwjyWefYkMpiBEFlpBwDH.5PM0K','1'),(17,'nimaaa5','nimaahmadichess@gmail.com','$2a$10$ClkLxiMzt26udi7jDfzfLuw/I8j88UGi7Z6CoNRd3b.z981cW39wC','1'),(28,'nimaaa','nima@luv2code.com','$2a$10$w0TCAxWVEiHQc8JkdXHg2Oe0OlgGWz.10Oexi.3UaZR3mjd6y2UYm','1');
/*!40000 ALTER TABLE `user` ENABLE KEYS */;
UNLOCK TABLES;
/*!40103 SET TIME_ZONE=@OLD_TIME_ZONE */;

/*!40101 SET SQL_MODE=@OLD_SQL_MODE */;
/*!40014 SET FOREIGN_KEY_CHECKS=@OLD_FOREIGN_KEY_CHECKS */;
/*!40014 SET UNIQUE_CHECKS=@OLD_UNIQUE_CHECKS */;
/*!40101 SET CHARACTER_SET_CLIENT=@OLD_CHARACTER_SET_CLIENT */;
/*!40101 SET CHARACTER_SET_RESULTS=@OLD_CHARACTER_SET_RESULTS */;
/*!40101 SET COLLATION_CONNECTION=@OLD_COLLATION_CONNECTION */;
/*!40111 SET SQL_NOTES=@OLD_SQL_NOTES */;

-- Dump completed on 2020-01-19 18:09:10
